Element_ID,Type,Location,Axial_Force,Shear_Y,Shear_Z,Torsion,Moment_Y,Moment_Z
1,Column,Inicio,699.0110084285008,-545.2365481028891,171852.0829505769,58967.22132788653,345.3535749505796,-3.842978217384627e-16
1,Column,Centro,0.0,0.0,0.0,954.1639591800558,1223.2692647498764,0.0
1,Column,Final,-699.0110084285008,545.2365481028891,-171852.0829505769,-57058.89340952642,2101.184954549173,3.842978217384627e-16
2,Column,Inicio,1263.494639701099,-645.8238556854734,310082.43793170975,46020.46665320226,1003.9178141619595,2.0998549185701642e-16
2,Column,Centro,0.0,0.0,0.0,1130.1917474495785,2211.1156194769233,0.0
2,Column,Final,-1263.494639701099,645.8238556854734,-310082.43793170975,-43760.0831583031,3418.313424791887,-2.0998549185701642e-16
3,Column,Inicio,1297.9245709725128,-143.47803235232485,314946.85764808004,-22655.63964642452,1044.0860625821892,1.640181099923168e-15
3,Column,Centro,0.0,0.0,0.0,251.0865566165685,2271.3679992018974,0.0
3,Column,Final,-1297.9245709725128,143.47803235232485,-314946.85764808004,23157.812759657656,3498.6499358216056,-1.640181099923168e-15
4,Column,Inicio,970.0680843852995,452.7825746060199,239058.41316455172,-85419.3167891559,661.5868168590525,1.6881150310790099e-15
4,Column,Centro,0.0,0.0,0.0,-792.3695055605349,1697.6191476742742,0.0
4,Column,Final,-970.0680843852995,-452.7825746060199,-239058.41316455172,83834.57777803483,2733.6514784894957,-1.6881150310790099e-15
5,Column,Inicio,489.0370771281305,405.40946180488805,119996.61554853503,-55892.503538259654,100.38397078746118,8.820502471529343e-16
5,Column,Centro,0.0,0.0,0.0,-709.4665581585541,855.8148849742283,0.0
5,Column,Final,-489.0370771281305,-405.40946180488805,-119996.61554853503,54473.570421942546,1611.2457991609956,-8.820502471529343e-16
6,Column,Inicio,312.0488957940017,272.2434885265788,342018.72505926073,58006.39344045485,-162.02632128501,-1.1255252829604427e-17
6,Column,Centro,0.0,0.0,0.0,-476.4261049215129,546.085567639503,0.0
6,Column,Final,-312.0488957940017,-272.2434885265788,-342018.72505926073,-58959.245650297875,1254.197456564016,1.1255252829604427e-17
7,Column,Inicio,430.0867550778973,456.31601483154265,571804.1037416648,44423.12696727778,-24.315485230908507,1.1257976804002436e-16
7,Column,Centro,0.0,0.0,0.0,-798.5530259551997,752.6518213863203,0.0
7,Column,Final,-430.0867550778973,-456.31601483154265,-571804.1037416648,-46020.23301918818,1529.6191280035491,-1.1257976804002436e-16
8,Column,Inicio,449.8737707239019,308.5554084452222,579529.8674670039,-23755.56788615164,-1.2306342959668655,1.122839931678516e-16
8,Column,Centro,0.0,0.0,0.0,-539.971964779139,787.2790987668284,0.0
8,Column,Final,-449.8737707239019,-308.5554084452222,-579529.8674670039,22675.62395659336,1575.7888318296236,-1.122839931678516e-16
9,Column,Inicio,345.5847784322689,-18.725787813912444,454945.77354066964,-85119.68843997725,-122.90112612977157,-1.888405664071e-16
9,Column,Centro,0.0,0.0,0.0,32.77012867434678,604.7733622564706,0.0
9,Column,Final,-345.5847784322689,18.725787813912444,-454945.77354066964,85185.22869732595,1332.4478506427126,1.888405664071e-16
10,Column,Inicio,274.24408390560575,-9.65087631843926,250840.22471347888,-55379.301227411706,-206.1319358668717,-3.582653466590221e-16
10,Column,Centro,0.0,0.0,0.0,16.889033557268704,479.9271468348101,0.0
10,Column,Final,-274.24408390560575,9.65087631843926,-250840.22471347888,55413.079294526244,1165.986229536492,3.582653466590221e-16
11,Column,Inicio,-1110.0073444834227,323.3980523839626,254616.16833201467,57975.985188193976,-1935.7352251421153,4.380201398127678e-16
11,Column,Centro,0.0,0.0,0.0,-565.9465916719346,-1942.51285284599,0.0
11,Column,Final,1110.0073444834227,-323.3980523839626,-254616.16833201467,-59107.878371537845,-1949.2904805498647,-4.380201398127678e-16
12,Column,Inicio,-1560.2898999982815,189.80660441923618,440352.3033229393,45084.66396620626,-2461.0648754559397,-2.568479870852952e-16
12,Column,Centro,0.0,0.0,0.0,-332.16155773366336,-2730.507324996993,0.0
12,Column,Final,1560.2898999982815,-189.80660441923618,-440352.3033229393,-45748.987081673586,-2999.9497745380454,2.568479870852952e-16
13,Column,Inicio,-1574.7196236686987,-165.11646671691517,446766.4918592934,-21851.136210106637,-2477.899547138911,-2.2388014409731106e-15
13,Column,Centro,0.0,0.0,0.0,288.9538167546016,-2755.759341420223,0.0
13,Column,Final,1574.7196236686987,165.11646671691517,-446766.4918592934,22429.04384361584,-3033.619135701535,2.2388014409731106e-15
14,Column,Inicio,-1350.1787068495207,-434.64115568635833,345212.473451328,-82752.5688186816,-2215.93512987762,-2.9715446054362402e-15
14,Column,Centro,0.0,0.0,0.0,760.6220224511271,-2362.8127369866615,0.0
14,Column,Final,1350.1787068495207,434.64115568635833,-345212.473451328,84273.81286358385,-2509.690344095703,2.9715446054362402e-15
15,Column,Inicio,-936.1865482310861,-445.8369241956534,182977.46126596248,-53185.88108421674,-1732.9442705252886,-2.3467817413502604e-15
15,Column,Centro,0.0,0.0,0.0,780.2146173423935,-1638.3264594044008,0.0
15,Column,Final,936.1865482310861,445.8369241956534,-182977.46126596248,54746.310318901524,-1543.708648283513,2.3467817413502604e-15
16,Column,Inicio,1767.1270071271222,-1078.2362303689515,140403.55171883074,51622.852577002996,2025.7470516969156,-4.200338594002258e-16
16,Column,Centro,0.0,0.0,0.0,1617.3543455534273,2650.6905106906834,0.0
16,Column,Final,-1767.1270071271222,1078.2362303689515,-140403.55171883074,-48388.14388589614,3275.6339696844507,4.200338594002258e-16
17,Column,Inicio,3649.368950107164,-1064.1630470177188,251520.55565645624,41368.93239201005,4676.313931476308,-3.7798195316929974e-16
17,Column,Centro,0.0,0.0,0.0,1596.2445705265782,5474.053425160746,0.0
17,Column,Final,-3649.368950107164,1064.1630470177188,-251520.55565645624,-38176.443250956894,6271.7929188451835,3.7798195316929974e-16
18,Column,Inicio,3764.792989017324,632.210195975309,255867.13670662747,-21974.455137682857,4838.600947043529,-8.998986540798316e-16
18,Column,Centro,0.0,0.0,0.0,-948.3152939629636,5647.189483525986,0.0
18,Column,Final,-3764.792989017324,-632.210195975309,-255867.13670662747,20077.82454975693,6455.7780200084435,8.998986540798316e-16
19,Column,Inicio,2665.7486923204415,1768.0249943412055,192949.17716285295,-77637.74533606529,3293.307577769879,-1.1598599824374403e-15
19,Column,Centro,0.0,0.0,0.0,-2652.037491511808,3998.623038480662,0.0
19,Column,Final,-2665.7486923204415,-1768.0249943412055,-192949.17716285295,72333.67035304167,4703.938499191446,1.1598599824374403e-15
20,Column,Inicio,1065.8520770599034,1168.7321999669293,99015.09978614144,-50415.20550127308,1038.6743273856703,-9.081380495581659e-16
20,Column,Centro,0.0,0.0,0.0,-1753.098299950394,1598.7781155898551,0.0
20,Column,Final,-1065.8520770599034,-1168.7321999669293,-99015.09978614144,46909.00890137229,2158.8819037940398,9.081380495581659e-16
21,Column,Inicio,579.6805220653685,1080.6195717059963,272934.5913479634,49184.682352516626,475.7803761967501,-7.883433759072086e-16
21,Column,Centro,0.0,0.0,0.0,-1620.9293575589945,869.5207830980528,0.0
21,Column,Final,-579.6805220653685,-1080.6195717059963,-272934.5913479634,-52426.541067634615,1263.2611899993553,7.883433759072086e-16
22,Column,Inicio,956.261112026149,1011.628060545685,448167.6381835043,39145.415164926504,1013.0236109012469,-6.926402885905629e-16
22,Column,Centro,0.0,0.0,0.0,-1517.4420908185275,1434.3916680392235,0.0
22,Column,Final,-956.261112026149,-1011.628060545685,-448167.6381835043,-42180.29934656356,1855.7597251772004,6.926402885905629e-16
23,Column,Inicio,1024.3077337194366,-691.9855322271869,455062.96448404685,-19287.665789170125,1108.002564870536,-8.233073658291985e-16
23,Column,Centro,0.0,0.0,0.0,1037.9782983407804,1536.461600579155,0.0
23,Column,Final,-1024.3077337194366,691.9855322271869,-455062.96448404685,21363.622385851686,1964.9206362877737,8.233073658291985e-16
24,Column,Inicio,675.4195480350586,-1742.8958589850663,355770.851921958,-72113.14508430756,617.1654800124481,-9.667968465128021e-16
24,Column,Centro,0.0,0.0,0.0,2614.3437884775994,1013.1293220525879,0.0
24,Column,Final,-675.4195480350586,1742.8958589850663,-355770.851921958,77341.83266126276,1409.0931640927276,9.667968465128021e-16
25,Column,Inicio,460.543169321497,-1133.1317807461091,203447.65062471275,-46829.20897022893,305.186490989171,-9.239388701696005e-16
25,Column,Centro,0.0,0.0,0.0,1699.6976711191637,690.8147539822455,0.0
25,Column,Final,-460.543169321497,1133.1317807461091,-203447.65062471275,50228.60431246726,1076.44301697532,9.239388701696005e-16
26,Column,Inicio,-2661.2146611816706,128.63136451956962,206637.85914314853,51791.04734281063,-4343.158424660753,-1.2899711532869912e-15
26,Column,Centro,0.0,0.0,0.0,-192.94704677935442,-3991.8219917725064,0.0
26,Column,Final,2661.2146611816706,-128.63136451956962,-206637.85914314853,-52176.941436369336,-3640.4855588842606,1.2899711532869912e-15
27,Column,Inicio,-4177.509453210067,52.82614473371359,353132.0471763612,41413.57536442807,-6472.337793716377,-1.201129109278887e-15
27,Column,Centro,0.0,0.0,0.0,-79.23921710057039,-6266.264179815101,0.0
27,Column,Final,4177.509453210067,-52.82614473371359,-353132.0471763612,-41572.05379862921,-6060.190565913825,1.201129109278887e-15
28,Column,Inicio,-4224.289535141441,59.73701791714848,358857.7712657972,-20286.61105830183,-6538.758341733515,-8.79401918365959e-16
28,Column,Centro,0.0,0.0,0.0,-89.60552687572272,-6336.434302712161,0.0
28,Column,Final,4224.289535141441,-59.73701791714848,-358857.7712657972,20107.400004550385,-6134.110263690807,8.79401918365959e-16
29,Column,Inicio,-3471.549702624693,-25.697844400667236,275850.8839441532,-75051.0395716917,-5480.393403086378,-8.537565507101094e-16
29,Column,Centro,0.0,0.0,0.0,38.546766601000854,-5207.32455393704,0.0
29,Column,Final,3471.549702624693,25.697844400667236,-275850.8839441532,75128.1331048937,-4934.255704787701,8.537565507101094e-16
30,Column,Inicio,-2074.547187709616,-166.29704617356765,150382.22086243308,-48684.550013618726,-3519.9015764631813,-1.0607565129854223e-15
30,Column,Centro,0.0,0.0,0.0,249.44556926035148,-3111.8207815644246,0.0
30,Column,Final,2074.547187709616,166.29704617356765,-150382.22086243308,49183.44115213943,-2703.739986665668,1.0607565129854223e-15
31,Column,Inicio,2362.1601414164575,-1363.1299422883385,106804.00550386004,41387.1881781185,3098.910497609064,-1.8624093568584943e-15
31,Column,Centro,0.0,0.0,0.0,2044.6949134325077,3543.2402121246864,0.0
31,Column,Final,-2362.1601414164575,1363.1299422883385,-106804.00550386004,-37297.798351253485,3987.569926640309,1.8624093568584943e-15
32,Column,Inicio,4987.644306233998,-1453.76293112007,190173.0866774103,34159.04489359369,6838.311675709108,-1.6993301391137628e-15
32,Column,Centro,0.0,0.0,0.0,2180.6443966801053,7481.466459350997,0.0
32,Column,Final,-4987.644306233998,1453.76293112007,-190173.0866774103,-29797.756100233477,8124.6212429928855,1.6993301391137628e-15
33,Column,Inicio,5144.2596382536985,724.2605979639047,193667.99320163619,-18069.493861939292,7063.4880757257015,-1.8403974738151275e-15
33,Column,Centro,0.0,0.0,0.0,-1086.390896945857,7716.389457380548,0.0
33,Column,Final,-5144.2596382536985,-724.2605979639047,-193667.99320163619,15896.712068047578,8369.290839035395,1.8403974738151275e-15
34,Column,Inicio,3611.2298556333485,2230.18759077321,145385.66558998078,-63292.051441047835,4877.663072375347,-1.6287500913520313e-15
34,Column,Centro,0.0,0.0,0.0,-3345.281386159815,5416.844783450023,0.0
34,Column,Final,-3611.2298556333485,-2230.18759077321,-145385.66558998078,56601.488668728205,5956.026494524699,1.6287500913520313e-15
35,Column,Inicio,1374.7379827322097,1419.713893698281,75904.51059801999,-40892.163088400455,1696.0112205094392,-1.2270624890655296e-15
35,Column,Centro,0.0,0.0,0.0,-2129.5708405474215,2062.106974098315,0.0
35,Column,Final,-1374.7379827322097,-1419.713893698281,-75904.51059801999,36633.02140730561,2428.20272768719,1.2270624890655296e-15
36,Column,Inicio,466.51327433211327,1533.601315476466,204592.17201889277,38265.56938210495,361.7821618512554,-2.2655473402526023e-15
36,Column,Centro,0.0,0.0,0.0,-2300.401973214699,699.7699114981699,0.0
36,Column,Final,-466.51327433211327,-1533.601315476466,-204592.17201889277,-42866.37332853435,1037.7576611450845,2.2655473402526023e-15
37,Column,Inicio,970.4820337145408,1522.1572622964545,331495.20649479737,30746.7318423104,1081.668873291594,-1.958909064048572e-15
37,Column,Centro,0.0,0.0,0.0,-2283.235893444682,1455.7230505718112,0.0
37,Column,Final,-970.4820337145408,-1522.1572622964545,-331495.20649479737,-35313.203629199765,1829.7772278520283,1.958909064048572e-15
38,Column,Inicio,1066.574415490062,-731.4298102983084,337073.5941894501,-15662.671668900246,1218.875549345512,-1.4750803072816343e-15
38,Column,Centro,0.0,0.0,0.0,1097.1447154474627,1599.861623235093,0.0
38,Column,Final,-1066.574415490062,731.4298102983084,-337073.5941894501,17856.96109979517,1980.8476971246741,1.4750803072816343e-15
39,Column,Inicio,581.3868356790877,-2237.2095408078094,262677.04040314624,-56977.22427250938,526.7486846901622,-9.40447621182947e-16
39,Column,Centro,0.0,0.0,0.0,3355.814311211714,872.0802535186316,0.0
39,Column,Final,-581.3868356790877,2237.2095408078094,-262677.04040314624,63688.85289493281,1217.411822347101,9.40447621182947e-16
40,Column,Inicio,307.2812908091182,-1475.0080502254423,154284.69203198337,-36837.542787728395,134.86937110046506,-7.163893768675885e-16
40,Column,Centro,0.0,0.0,0.0,2212.5120753381634,460.9219362136774,0.0
40,Column,Final,-307.2812908091182,1475.0080502254423,-154284.69203198337,41262.56693840472,786.9745013268897,7.163893768675885e-16
41,Column,Inicio,-3244.753249682991,-1.8095394685005886,156566.3518672096,42055.18688568465,-5075.637613900426,-2.768751051327749e-15
41,Column,Centro,0.0,0.0,0.0,2.714309202750883,-4867.129874524487,0.0
41,Column,Final,3244.753249682991,1.8095394685005886,-156566.3518672096,-42049.75826727915,-4658.622135148547,2.768751051327749e-15
42,Column,Inicio,-5383.944160135699,-68.12833084918384,265098.43145726953,34321.86506204869,-8118.238733032292,-2.23536091646191e-15
42,Column,Centro,0.0,0.0,0.0,102.19249627377576,-8075.916240203549,0.0
42,Column,Final,5383.944160135699,68.12833084918384,-265098.43145726953,-34117.480069501136,-8033.593747374805,2.23536091646191e-15
43,Column,Inicio,-5443.344491937949,7.133092629381281,269712.7423239072,-16485.483421910412,-8204.77867816791,-8.724353286433798e-16
43,Column,Centro,0.0,0.0,0.0,-10.699638944071921,-8165.016737906924,0.0
43,Column,Final,5443.344491937949,-7.133092629381281,-269712.7423239072,16464.08414402227,-8125.254797645939,8.724353286433798e-16
44,Column,Inicio,-4391.369858714965,6.503993303034804,206552.44520846562,-61070.12939894625,-6705.689320993238,8.16987301510923e-17
44,Column,Centro,0.0,0.0,0.0,-9.755989954552206,-6587.054788072448,0.0
44,Column,Final,4391.369858714965,-6.503993303034804,-206552.44520846562,61050.617419037146,-6468.420255151657,-8.16987301510923e-17
45,Column,Inicio,-2408.86674201557,-113.07815702510561,115012.06242844845,-39875.78852744449,-3889.6730042043914,4.7427643557172313e-17
45,Column,Centro,0.0,0.0,0.0,169.61723553765842,-3613.300113023355,0.0
45,Column,Final,2408.86674201557,113.07815702510561,-115012.06242844845,40215.02299851981,-3336.9272218423184,-4.7427643557172313e-17
46,Column,Inicio,2806.903265513174,-1421.1031335157277,71666.362038315,29135.942082915608,3979.1998892340025,-4.623873596808016e-15
46,Column,Centro,0.0,0.0,0.0,2131.6547002735915,4210.354898269761,0.0
46,Column,Final,-2806.903265513174,1421.1031335157277,-71666.362038315,-24872.632682368425,4441.509907305519,4.623873596808016e-15
47,Column,Inicio,5663.475190650625,-1785.638125083322,126997.96767099031,24570.043175920837,8347.338984076414,-4.178671865891972e-15
47,Column,Centro,0.0,0.0,0.0,2678.457187624983,8495.212785975938,0.0
47,Column,Final,-5663.475190650625,1785.638125083322,-126997.96767099031,-19213.12880067087,8643.086587875465,4.178671865891972e-15
48,Column,Inicio,5839.8754800407305,293.7914631597905,129419.37779058129,-13262.862314376507,8611.793543052643,-2.2694450785976683e-15
48,Column,Centro,0.0,0.0,0.0,-440.68719473968576,8759.813220061096,0.0
48,Column,Final,-5839.8754800407305,-293.7914631597905,-129419.37779058129,12381.487924897136,8907.832897069547,2.2694450785976683e-15
49,Column,Inicio,4154.599804392432,2034.3910164192785,96873.55210275495,-45448.66606900536,6046.283295196633,-6.986763643585903e-16
49,Column,Centro,0.0,0.0,0.0,-3051.5865246289177,6231.899706588649,0.0
49,Column,Final,-4154.599804392432,-2034.3910164192785,-96873.55210275495,39345.493019747526,6417.516117980664,6.986763643585903e-16
50,Column,Inicio,1738.0891435706426,1312.6519116798227,51223.96024966723,-29179.90542091822,2338.440736318431,-8.09715330083429e-16
50,Column,Centro,0.0,0.0,0.0,-1968.977867519734,2607.133715355964,0.0
50,Column,Final,-1738.0891435706426,-1312.6519116798227,-51223.96024966723,25241.949685878753,2875.826694393497,8.09715330083429e-16
51,Column,Inicio,431.3593774722168,1731.3853249940366,136740.50184748086,25508.621343387316,463.5330203150481,-4.207188380801438e-15
51,Column,Centro,0.0,0.0,0.0,-2597.077987491055,647.0390662083253,0.0
51,Column,Final,-431.3593774722168,-1731.3853249940366,-136740.50184748086,-30702.777318369426,830.5451121016025,4.207188380801438e-15
52,Column,Inicio,935.1816507720574,2022.2491189950997,219627.10938081608,20543.578526705587,1255.4061116721537,-3.715159466349817e-15
52,Column,Centro,0.0,0.0,0.0,-3033.3736784926496,1402.7724761580862,0.0
52,Column,Final,-935.1816507720574,-2022.2491189950997,-219627.10938081608,-26610.325883690886,1550.1388406440187,3.715159466349817e-15
53,Column,Inicio,1045.384732561367,-54.37494860395054,223548.31714264536,-10425.148253766745,1420.5872866612262,-2.174582819189274e-15
53,Column,Centro,0.0,0.0,0.0,81.56242290592581,1568.0770988420506,0.0
53,Column,Final,-1045.384732561367,54.37494860395054,-223548.31714264536,10588.273099578597,1715.566911022875,2.174582819189274e-15
54,Column,Inicio,516.1875419451384,-1885.8146693283852,173791.9746971036,-38014.81364987954,613.1417990089725,-5.082828670123117e-16
54,Column,Centro,0.0,0.0,0.0,2828.722003992578,774.2813129177076,0.0
54,Column,Final,-516.1875419451384,1885.8146693283852,-173791.9746971036,43672.2576578647,935.4208268264427,5.082828670123117e-16
55,Column,Inicio,278.0510188036317,-1355.8539785483845,103891.76224788131,-24432.215270325876,218.67349761311425,-1.3094302628316271e-16
55,Column,Centro,0.0,0.0,0.0,2033.7809678225767,417.0765282054476,0.0
55,Column,Final,-278.0510188036317,1355.8539785483845,-103891.76224788131,28499.77720597103,615.4795587977809,1.3094302628316271e-16
56,Column,Inicio,-3652.9403966134096,-119.21015882712891,104973.5288905119,29864.02378184148,-5783.384109284404,-3.2672793479914436e-15
56,Column,Centro,0.0,0.0,0.0,178.81523824069336,-5479.410594920115,0.0
56,Column,Final,3652.9403966134096,119.21015882712891,-104973.5288905119,-29506.393305360092,-5175.4370805558265,3.2672793479914436e-15
57,Column,Inicio,-6016.930891236783,-236.39822255677063,176545.86488873803,24714.678947629778,-9383.15530689262,-2.6603685885380867e-15
57,Column,Centro,0.0,0.0,0.0,354.59733383515595,-9025.396336855176,0.0
57,Column,Final,6016.930891236783,236.39822255677063,-176545.86488873803,-24005.484279959466,-8667.637366817731,2.6603685885380867e-15
58,Column,Inicio,-6082.551540548154,-239.44660856912378,179763.55650728857,-11727.03874113004,-9481.036669861905,-1.8486762836086385e-15
58,Column,Centro,0.0,0.0,0.0,359.1699128536857,-9123.827310822231,0.0
58,Column,Final,6082.551540548154,239.44660856912378,-179763.55650728857,12445.378566837411,-8766.617951782555,1.8486762836086385e-15
59,Column,Inicio,-4923.887315242123,-148.9914947869256,137314.66612119484,-43433.9057920172,-7717.512525408252,-3.712072040352545e-16
59,Column,Centro,0.0,0.0,0.0,223.48724218038842,-7385.830972863185,0.0
59,Column,Final,4923.887315242123,148.9914947869256,-137314.66612119484,43880.880276377975,-7054.149420318117,3.712072040352545e-16
60,Column,Inicio,-2732.8033740960464,-147.63792150077643,77621.49842388683,-28552.423933275706,-4377.438666312355,6.172872210859594e-16
60,Column,Centro,0.0,0.0,0.0,221.45688225116464,-4099.20506114407,0.0
60,Column,Final,2732.8033740960464,147.63792150077643,-77621.49842388683,28995.337697778035,-3820.971455975786,-6.172872210859594e-16
61,Column,Inicio,4085.870660739604,-2212.8789619509444,35380.05897156523,15944.165222102447,4780.046937487225,-5.07643351533112e-15
61,Column,Centro,0.0,0.0,0.0,3319.3184429264165,6128.805991109406,0.0
61,Column,Final,-4085.870660739604,2212.8789619509444,-35380.05897156523,-9305.528336249614,7477.5650447315875,5.07643351533112e-15
62,Column,Inicio,8695.703336047027,-2253.7868189148903,62178.334679733765,13184.406084043456,10734.88436001082,-7.987571701025683e-15
62,Column,Centro,0.0,0.0,0.0,3380.6802283723355,13043.555004070542,0.0
62,Column,Final,-8695.703336047027,2253.7868189148903,-62178.334679733765,-6423.045627298785,15352.225648130263,7.987571701025683e-15
63,Column,Inicio,8962.141834870206,2022.2844756073118,63355.043507165494,-9328.217895172593,11089.668923528749,-1.3713446789520114e-14
63,Column,Centro,0.0,0.0,0.0,-3033.4267134109677,13443.21275230531,0.0
63,Column,Final,-8962.141834870206,-2022.2844756073118,-63355.043507165494,3261.3644683506573,15796.756581081872,1.3713446789520114e-14
64,Column,Inicio,6262.9065304453725,4523.305753687782,47469.91560044174,-26799.0150861768,7585.392606435436,-1.1591761927477743e-14
64,Column,Centro,0.0,0.0,0.0,-6784.958630531673,9394.359795668059,0.0
64,Column,Final,-6262.9065304453725,-4523.305753687782,-47469.91560044174,13229.097825113455,11203.326984900681,1.1591761927477743e-14
65,Column,Inicio,2327.380280869287,2666.2602939836474,25486.172440302395,-16848.99707118028,2524.687627238895,-6.690595536664404e-15
65,Column,Centro,0.0,0.0,0.0,-3999.3904409754714,3491.0704213039307,0.0
65,Column,Final,-2327.380280869287,-2666.2602939836474,-25486.172440302395,8850.216189229339,4457.453215368967,6.690595536664404e-15
66,Column,Inicio,671.7590577616311,3084.9917050570148,69445.00864156533,11251.20253281838,575.2720155242703,-6.162780474845828e-15
66,Column,Centro,0.0,0.0,0.0,-4627.487557585522,1007.6385866424467,0.0
66,Column,Final,-671.7590577616311,-3084.9917050570148,-69445.00864156533,-20506.177647989425,1440.0051577606232,6.162780474845828e-15
67,Column,Inicio,1619.6563937495253,2805.9830793503315,111584.51249017578,9649.205197701642,1738.940813940282,-6.360988620938084e-15
67,Column,Centro,0.0,0.0,0.0,-4208.974619025497,2429.484590624288,0.0
67,Column,Final,-1619.6563937495253,-2805.9830793503315,-111584.51249017578,-18067.154435752636,3120.028367308294,6.360988620938084e-15
68,Column,Inicio,1788.5789897081067,-2390.7731461379453,113678.5616773884,-2001.652632327733,1963.0884133030545,-4.7615145363686866e-15
68,Column,Centro,0.0,0.0,0.0,3586.159719206918,2682.86848456216,0.0
68,Column,Final,-1788.5789897081067,2390.7731461379453,-113678.5616773884,9173.972070741569,3402.648555821266,4.7615145363686866e-15
69,Column,Inicio,907.1969359518189,-5460.203712621282,88061.2886392797,-14522.180381135742,830.7574841047604,-1.4135075039187766e-15
69,Column,Centro,0.0,0.0,0.0,8190.305568931923,1360.7954039277283,0.0
69,Column,Final,-907.1969359518189,5460.203712621282,-88061.2886392797,30902.791518999587,1890.8333237506963,1.4135075039187766e-15
70,Column,Inicio,362.23092049491703,-3573.99190561136,52788.192032989995,-9445.867860140876,203.9867268282419,-1.2261777934193668e-16
70,Column,Centro,0.0,0.0,0.0,5360.98785841704,543.3463807423756,0.0
70,Column,Final,-362.23092049491703,3573.99190561136,-52788.192032989995,20167.843576974956,882.7060346565092,1.2261777934193668e-16
71,Column,Inicio,-5533.4629642048385,-582.3858803949479,52286.11761144432,15963.41422634721,-6658.286975185322,-6.8598507611184686e-15
71,Column,Centro,0.0,0.0,0.0,873.5788205924218,-8300.194446307258,0.0
71,Column,Final,5533.4629642048385,582.3858803949479,-52286.11761144432,-14216.256585162366,-9942.101917429192,6.8598507611184686e-15
72,Column,Inicio,-9242.00494422901,-552.069881336969,87421.77030890298,13183.479053597177,-11495.038724529648,-2.30569392563765e-15
72,Column,Centro,0.0,0.0,0.0,828.1048220054536,-13863.007416343515,0.0
72,Column,Final,9242.00494422901,552.069881336969,-87421.77030890298,-11527.26940958627,-16230.976108157382,2.30569392563765e-15
73,Column,Inicio,-9336.15764494415,368.46962584972607,89057.84187044142,-6962.441506496796,-11622.551394523693,9.264005518239975e-15
73,Column,Centro,0.0,0.0,0.0,-552.7044387745891,-14004.236467416227,0.0
73,Column,Final,9336.15764494415,-368.46962584972607,-89057.84187044142,5857.032628947618,-16385.921540308762,-9.264005518239975e-15
74,Column,Inicio,-7508.001050598325,936.6542430607624,67938.55226668727,-23924.43885667205,-9240.590581930133,1.367736206272752e-14
74,Column,Centro,0.0,0.0,0.0,-1404.9813645911436,-11262.001575897488,0.0
74,Column,Final,7508.001050598325,-936.6542430607624,-67938.55226668727,21114.476127489765,-13283.412569864842,-1.367736206272752e-14
75,Column,Inicio,-4063.8067095447077,618.1428597376871,38868.62928818941,-15800.859380625492,-4754.302259575392,1.0364505979147955e-14
75,Column,Centro,0.0,0.0,0.0,-927.2142896065307,-6095.710064317062,0.0
75,Column,Final,4063.8067095447077,-618.1428597376871,-38868.62928818941,13946.43080141243,-7437.117869058732,-1.0364505979147955e-14
76,Beam_X,Inicio,-1480.0899436395464,546.2141911253518,2982.9050033666126,2.1958070189157714e-17,-2190.117232445539,1067.7707078905366
76,Beam_X,Centro,0.0,0.0,2250.0,0.0,-1099.3575050499192,819.3212866880277
76,Beam_X,Final,1480.0899436395464,-546.2141911253518,1517.0949966333874,-2.1958070189157714e-17,-8.597777654299534,570.8718654855188
77,Beam_X,Inicio,-1820.4929878998933,-221.85680606004468,3495.90197879872,1.657848151795629e-18,-2403.262141281267,-375.10934960630533
77,Beam_X,Centro,0.0,0.0,3750.0,0.0,635.2450530031997,-554.6420151501117
77,Beam_X,Final,1820.4929878998933,221.85680606004468,4004.09802120128,-1.657848151795629e-18,3673.7522472876663,-734.174680693918
78,Beam_X,Inicio,-1480.0900099050332,418.3367647903751,3560.8077531611407,1.549085161245333e-17,-3004.457331650398,562.6321334302459
78,Beam_X,Centro,0.0,0.0,2250.0,0.0,-1966.2116297417108,627.5051471855627
78,Beam_X,Final,1480.0900099050332,-418.3367647903751,939.1922468388595,-1.549085161245333e-17,-927.9659278330237,692.3781609408795
79,Beam_X,Inicio,-1820.4930265833991,-136.97794850773818,3447.2966617986867,5.473006733841103e-18,-2241.6389926405295,-490.0700265520165
79,Beam_X,Centro,0.0,0.0,3750.0,0.0,756.7583455032834,-342.4448712693454
79,Beam_X,Final,1820.4930265833991,136.97794850773818,4052.7033382013133,-5.473006733841103e-18,3755.1556836470963,-194.8197159866744
80,Beam_X,Inicio,-1480.089901984705,-775.6879781387589,3571.1321630296516,-1.443748196694983e-17,-3018.221545061808,-2181.124015592009
80,Beam_X,Centro,0.0,0.0,2250.0,0.0,-1981.6982445444776,-1163.5319672081384
80,Beam_X,Final,1480.089901984705,775.6879781387589,928.8678369703484,1.443748196694983e-17,-945.1749440271474,-145.9399188242678
81,Beam_X,Inicio,-1820.4929220227214,224.8533290032207,3444.557890792218,3.0163391298904137e-17,-2232.377179227801,-377.3720272731175
81,Beam_X,Centro,0.0,0.0,3750.0,0.0,763.6052730194549,562.1333225080517
81,Beam_X,Final,1820.4929220227214,-224.8533290032207,4055.442109207782,-3.0163391298904137e-17,3759.587725266711,1501.638672289221
82,Beam_X,Inicio,-1480.089622913751,-1315.2375843996087,3280.024518746698,-2.4563948005051986e-17,-2607.857624708442,-3222.924252719381
82,Beam_X,Centro,0.0,0.0,2250.0,0.0,-1545.036778120047,-1972.8563765994131
82,Beam_X,Final,1480.089622913751,1315.2375843996087,1219.975481253302,2.4563948005051986e-17,-482.21593153165213,-722.7885004794452
83,Beam_X,Inicio,-1820.4926817245,408.9382308493984,3474.4971033033607,4.597452618452303e-17,-2330.432751642923,-89.63669862089023
83,Beam_X,Centro,0.0,0.0,3750.0,0.0,688.7572417415981,1022.3455771234959
83,Beam_X,Final,1820.4926817245,-408.9382308493984,4025.5028966966393,-4.597452618452303e-17,3707.9472351261193,2134.327852867882
84,Beam_X,Inicio,-1480.089495464701,-776.5399558481877,2724.0224455482385,-9.963413264825461e-18,-1822.0451097101388,-1990.8703276098418
84,Beam_X,Centro,0.0,0.0,2250.0,0.0,-711.0336683223577,-1164.8099337722815
84,Beam_X,Final,1480.089495464701,776.5399558481877,1775.9775544517615,9.963413264825461e-18,399.97777306542343,-338.74953993472104
85,Beam_X,Inicio,-1820.4925691884625,306.63279419600843,3518.425266060902,4.010810355392359e-17,-2474.5060730350724,-28.038985662646155
85,Beam_X,Centro,0.0,0.0,3750.0,0.0,578.9368348477451,766.581985490021
85,Beam_X,Final,1820.4925691884625,-306.63279419600843,3981.574733939098,-4.010810355392359e-17,3632.3797427305626,1561.2029566426882
86,Beam_X,Inicio,-825.0323106230984,292.25814631876614,3547.031348394419,5.401492569513888e-17,-2996.3457286379335,476.5819240969187
86,Beam_X,Centro,0.0,0.0,2250.0,0.0,-1945.5470225916288,438.38721947814923
86,Beam_X,Final,825.0323106230984,-292.25814631876614,952.9686516055808,-5.401492569513888e-17,-894.7483165453241,400.19251485937974
87,Beam_X,Inicio,-770.1205740269623,-141.89925246185553,3304.178185310164,2.9985262422688856e-17,-1919.5552084029666,-347.03226876669294
87,Beam_X,Centro,0.0,0.0,3750.0,0.0,1114.5545367245904,-354.7481311546388
87,Beam_X,Final,770.1205740269623,141.89925246185553,4195.821814689836,-2.9985262422688856e-17,4148.664281852148,-362.4639935425847
88,Beam_X,Inicio,-825.0323211883259,389.59174272451116,4498.923244421872,5.1155833758442957e-17,-4346.578715311243,339.8874221847929
88,Beam_X,Centro,0.0,0.0,2250.0,0.0,-3373.3848666328086,584.3876140867668
88,Beam_X,Final,825.0323211883259,-389.59174272451116,1.0767555781276315,-5.1155833758442957e-17,-2400.191017954374,828.8878059887408
89,Beam_X,Inicio,-770.120568391042,-120.94611572550293,3227.2952157209124,2.5424543194241422e-17,-1669.3085462956215,-624.1572821418217
89,Beam_X,Centro,0.0,0.0,3750.0,0.0,1306.7619606977187,-302.36528931375733
89,Beam_X,Final,770.120568391042,120.94611572550293,4272.704784279087,-2.5424543194241422e-17,4282.832467691059,19.42670351430712
90,Beam_X,Inicio,-825.0322076222006,-92.04995640785879,4520.667120239586,1.362815102039239e-17,-4376.822585681231,-1111.943758690606
90,Beam_X,Centro,0.0,0.0,2250.0,0.0,-3406.0006803593797,-138.0749346117882
90,Beam_X,Final,825.0322076222006,92.04995640785879,-20.66712023958644,-1.362815102039239e-17,-2435.178775037528,835.7938894670297
91,Beam_X,Inicio,-770.1204513257193,-52.605044273284264,3222.394019619902,3.325576335492025e-17,-1653.5164646035164,-1090.2313834962301
91,Beam_X,Centro,0.0,0.0,3750.0,0.0,1319.0149509502457,-131.51261068321065
91,Beam_X,Final,770.1204513257193,52.605044273284264,4277.605980380098,-3.325576335492025e-17,4291.546366504008,827.2061621298088
92,Beam_X,Inicio,-825.0319783702407,-462.1458961690999,4025.016091438957,-1.421830518311786e-17,-3671.8768027420283,-1833.0738882112068
92,Beam_X,Centro,0.0,0.0,2250.0,0.0,-2662.524137158436,-693.2188442536499
92,Beam_X,Final,825.0319783702407,462.1458961690999,474.98390856104265,1.421830518311786e-17,-1653.1714715748435,446.6361997039071
93,Beam_X,Inicio,-770.1202383643226,32.18514076065012,3271.892549552926,3.726998131112069e-17,-1811.17670133742,-992.8010291915273
93,Beam_X,Centro,0.0,0.0,3750.0,0.0,1195.2686261176846,80.4628519016253
93,Beam_X,Final,770.1202383643226,-32.18514076065012,4228.1074504470735,-3.726998131112069e-17,4201.713953572789,1153.7267329947779
94,Beam_X,Inicio,-825.0318649561499,-258.3555046032693,3119.1055447590616,-4.626681390549708e-18,-2384.513494909638,-1222.61377352114
94,Beam_X,Centro,0.0,0.0,2250.0,0.0,-1303.6583171385923,-387.53325690490396
94,Beam_X,Final,825.0318649561499,258.3555046032693,1380.8944552409384,4.626681390549708e-18,-222.80313936754646,447.5472597113321
95,Beam_X,Inicio,-770.1201310701913,64.68611053851896,3340.4082081893584,3.037007662702159e-17,-2031.791839072359,-679.7682711308408
95,Beam_X,Centro,0.0,0.0,3750.0,0.0,1023.9794795266034,161.7152763462974
95,Beam_X,Final,770.1201310701913,-64.68611053851896,4159.591791810642,-3.037007662702159e-17,4079.750798125566,1003.1988238234356
96,Beam_X,Inicio,-491.88083969235515,62.36119186287878,3952.666956442163,1.0303404787456588e-16,-3586.419048016193,-98.40054897140075
96,Beam_X,Centro,0.0,0.0,2250.0,0.0,-2554.000434663245,93.54178779431818
96,Beam_X,Final,491.88083969235515,-62.36119186287878,547.3330435578368,-1.0303404787456588e-16,-1521.5818213102975,285.4841245600371
97,Beam_X,Inicio,-458.2678313207012,-124.21577990082547,3164.4512996941394,6.571960970909469e-17,-1556.8104377422121,-475.18017699459773
97,Beam_X,Centro,0.0,0.0,3750.0,0.0,1463.871750764651,-310.53944975206366
97,Beam_X,Final,458.2678313207012,124.21577990082547,4335.548700305861,-6.571960970909469e-17,4484.5539392715145,-145.89872250952953
98,Beam_X,Inicio,-491.88079963168195,331.8582206821718,5124.337271482586,9.328728127292802e-17,-5238.188539987951,105.10282444244933
98,Beam_X,Centro,0.0,0.0,2250.0,0.0,-4311.50590722388,497.7873310232577
98,Beam_X,Final,491.88079963168195,-331.8582206821718,-624.3372714825864,-9.328728127292802e-17,-3384.823274459808,890.4718376040661
99,Beam_X,Inicio,-458.26778741845527,-168.25194685379276,3076.3269349402003,5.4024133264543e-17,-1257.4860400303548,-837.1117388928628
99,Beam_X,Centro,0.0,0.0,3750.0,0.0,1684.182662649499,-420.62986713448186
99,Beam_X,Final,458.26778741845527,168.25194685379276,4423.6730650598,-5.4024133264543e-17,4625.851365329353,-4.14799537610088
100,Beam_X,Inicio,-491.8806975830274,430.4705939569167,5154.720056016523,2.2574214101939414e-17,-5280.904281831652,-119.61644202605089
100,Beam_X,Centro,0.0,0.0,2250.0,0.0,-4357.080084024785,645.705890935375
100,Beam_X,Final,491.8806975830274,-430.4705939569167,-654.7200560165229,-2.2574214101939414e-17,-3433.2558862179167,1411.028223896801
101,Beam_X,Inicio,-458.2676852519655,-246.58210178296395,3069.442061295287,4.010772810322086e-17,-1235.750362341607,-1368.7569619946303
101,Beam_X,Centro,0.0,0.0,3750.0,0.0,1701.394846761782,-616.4552544574099
101,Beam_X,Final,458.2676852519655,246.58210178296395,4430.557938704713,-4.010772810322086e-17,4638.540055865171,135.84645307981066
102,Beam_X,Inicio,-491.8805516687434,195.8301207005021,4530.161746477039,-2.969430295854965e-17,-4396.090322441782,-453.1826256152177
102,Beam_X,Centro,0.0,0.0,2250.0,0.0,-3420.2426197155582,293.74518105075316
102,Beam_X,Final,491.8805516687434,-195.8301207005021,-30.161746477038832,2.969430295854965e-17,-2444.394916989335,1040.672987716724
103,Beam_X,Inicio,-458.2675474719594,-155.52887297219831,3130.3418169556285,1.9785410918776495e-17,-1433.7905476018982,-1111.9820095556038
103,Beam_X,Centro,0.0,0.0,3750.0,0.0,1549.1454576109288,-388.82218243049573
103,Beam_X,Final,458.2675474719594,155.52887297219831,4369.658183044372,-1.9785410918776495e-17,4532.081462823756,334.3376446946123
104,Beam_X,Inicio,-491.8804812225555,102.6550324899714,3421.7320716647528,-1.6143982080316455e-17,-2831.532240346456,-389.5729714858122
104,Beam_X,Centro,0.0,0.0,2250.0,0.0,-1757.5981074971296,153.9825487349571
104,Beam_X,Final,491.8804812225555,-102.6550324899714,1078.267928335247,1.6143982080316455e-17,-683.6639746478033,697.5380689557264
105,Beam_X,Inicio,-458.26747810534755,-27.725775962154263,3206.7925800870175,6.442605715419729e-18,-1692.6008026309473,-649.1765131274057
105,Beam_X,Centro,0.0,0.0,3750.0,0.0,1358.018549782456,-69.31443990538565
105,Beam_X,Final,458.26747810534755,27.725775962154263,4293.207419912982,-6.442605715419729e-18,4408.637902195859,510.54763331663435
106,Beam_X,Inicio,-1830.126805622225,808.1102041216137,4259.2226200856185,1.4716254291979893e-16,-4038.016920222182,1258.0936408752714
106,Beam_X,Centro,0.0,0.0,2250.0,0.0,-3013.8339301284286,1212.1653061824206
106,Beam_X,Final,1830.126805622225,-808.1102041216137,240.77737991438107,-1.4716254291979893e-16,-1989.650940034675,1166.23697148957
107,Beam_X,Inicio,-2217.2960596929106,-496.16487103559734,3056.3484970241243,1.0368979765510221e-16,-1299.046353723427,-1083.1166553712742
107,Beam_X,Centro,0.0,0.0,3750.0,0.0,1734.1287574396893,-1240.4121775889932
107,Beam_X,Final,2217.2960596929106,496.16487103559734,4443.651502975876,-1.0368979765510221e-16,4767.303868602806,-1397.7076998067123
108,Beam_X,Inicio,-1830.126859547377,468.1206414839585,5662.677946775297,1.608121296015393e-16,-6045.611847695039,574.0990896553674
108,Beam_X,Centro,0.0,0.0,2250.0,0.0,-5119.016920162946,702.1809622259377
108,Beam_X,Final,1830.126859547377,-468.1206414839585,-1162.6779467752972,-1.608121296015393e-16,-4192.421992630853,830.2628347965082
109,Beam_X,Inicio,-2217.296116871499,-315.64276574927,2949.132234869121,7.284996257338175e-17,-961.3177822802209,-844.3033773166342
109,Beam_X,Centro,0.0,0.0,3750.0,0.0,2002.1694128271974,-789.1069143731748
109,Beam_X,Final,2217.296116871499,315.64276574927,4550.867765130879,-7.284996257338175e-17,4965.656607934616,-733.9104514297155
110,Beam_X,Inicio,-1830.1267663071753,-1728.4891929242344,5703.336603422154,1.1534419118668982e-16,-6103.737521364954,-3303.90265475464
110,Beam_X,Centro,0.0,0.0,2250.0,0.0,-5180.004905133232,-2592.733789386352
110,Beam_X,Final,1830.1267663071753,1728.4891929242344,-1203.3366034221544,-1.1534419118668982e-16,-4256.272288901509,-1881.5649240180635
111,Beam_X,Inicio,-2217.29604000665,607.9126211525958,2941.2498107723814,2.1378102478703478e-18,-937.0184297826672,879.108869086851
111,Beam_X,Centro,0.0,0.0,3750.0,0.0,2021.875473069047,1519.7815528814892
111,Beam_X,Final,2217.29604000665,-607.9126211525958,4558.750189227619,-2.1378102478703478e-18,4980.769375920761,2160.4542366761275
112,Beam_X,Inicio,-1830.126543353919,-2488.859494729729,4942.077187766103,3.254903295627083e-17,-5009.732909501725,-4371.528217682886
112,Beam_X,Centro,0.0,0.0,2250.0,0.0,-4038.115781649155,-3733.289242094593
112,Beam_X,Final,1830.126543353919,2488.859494729729,-442.0771877661032,-3.254903295627083e-17,-3066.498653796585,-3095.0502665063004
113,Beam_X,Inicio,-2217.295838040937,1085.5889143470242,3014.540192323576,-4.7857558633813883e-17,-1161.9723270655345,2037.7634117502978
113,Beam_X,Centro,0.0,0.0,3750.0,0.0,1838.6495191910606,2713.9722858675605
113,Beam_X,Final,2217.295838040937,-1085.5889143470242,4485.459807676424,4.7857558633813883e-17,4839.271365447656,3390.1811599848234
114,Beam_X,Inicio,-1830.1264766769632,-1369.9736010499387,3624.389859928502,1.3701978739963214e-17,-3123.370042763897,-2211.0291152805626
114,Beam_X,Centro,0.0,0.0,2250.0,0.0,-2061.584789892753,-2054.9604015749082
114,Beam_X,Final,1830.1264766769632,1369.9736010499387,875.6101400714979,-1.3701978739963214e-17,-999.799537021609,-1898.8916878692542
115,Beam_X,Inicio,-2217.295766421994,798.801465199603,3108.2475381040867,-4.903716639031669e-17,-1454.5169239259412,1673.4243056166035
115,Beam_X,Centro,0.0,0.0,3750.0,0.0,1604.3811547397827,1997.0036629990072
115,Beam_X,Final,2217.295766421994,-798.801465199603,4391.752461895913,4.903716639031669e-17,4663.279233405507,2320.5830203814107
116,Beam_X,Inicio,5479.691443019703,-2261.813561676549,3879.0356364124095,2.7752903174117435e-16,-3309.3476205758734,-3966.9485931054305
116,Beam_X,Centro,0.0,0.0,2250.0,0.0,-2443.5534546186145,-3392.7203425148236
116,Beam_X,Final,-5479.691443019703,2261.813561676549,620.9643635875905,-2.7752903174117435e-16,-1577.7592886613556,-2818.4920919242163
117,Beam_X,Inicio,6446.039293269456,678.3168417195571,3181.2451984196114,8.472633710865248e-17,-1396.1782065353923,1614.3281447592271
117,Beam_X,Centro,0.0,0.0,3750.0,0.0,1421.8870039509718,1695.7921042988928
117,Beam_X,Final,-6446.039293269456,-678.3168417195571,4318.754801580389,-8.472633710865248e-17,4239.952214437336,1777.2560638385585
118,Beam_X,Inicio,5479.69159458942,-2253.827269450614,4967.486042985459,3.2325539328510345e-16,-4723.147743328059,-2580.2647320150027
118,Beam_X,Centro,0.0,0.0,2250.0,0.0,-4076.229064478189,-3380.740904175921
118,Beam_X,Final,-5479.69159458942,2253.827269450614,-467.4860429854589,-3.2325539328510345e-16,-3429.3103856283187,-4181.217076336839
119,Beam_X,Inicio,6446.039311559779,552.11032051483,3121.795418205692,3.672367090361e-17,-1075.7966698144614,2714.092869533928
119,Beam_X,Centro,0.0,0.0,3750.0,0.0,1570.51145448577,1380.275801287075
119,Beam_X,Final,-6446.039311559779,-552.11032051483,4378.204581794308,-3.672367090361e-17,4216.819578786001,46.45873304022189
120,Beam_X,Inicio,5479.691094207558,2022.2883679155834,4988.868714216304,1.4366957103817197e-16,-4749.656766503779,7432.60130855104
120,Beam_X,Centro,0.0,0.0,2250.0,0.0,-4108.303071324457,3033.4325518733754
120,Beam_X,Final,-5479.691094207558,-2022.2883679155834,-488.8687142163044,-1.4366957103817197e-16,-3466.949376145134,-1365.7362048042896
121,Beam_X,Inicio,6446.038797988586,-368.4788809306696,3111.2977138417227,-1.762062844924858e-17,-1040.5047650995543,3242.1304644350193
121,Beam_X,Centro,0.0,0.0,3750.0,0.0,1596.7557153956934,-921.197202326674
121,Beam_X,Final,-6446.038797988586,368.4788809306696,4388.702286158277,1.762062844924858e-17,4234.016195890941,-5084.524869088367
122,Beam_X,Inicio,5479.689981873764,4523.384086230788,4414.16392663268,-7.556458680717e-17,-3996.8135144468347,11957.238197527851
122,Beam_X,Centro,0.0,0.0,2250.0,0.0,-3246.24588994902,6785.076129346182
122,Beam_X,Final,-5479.689981873764,-4523.384086230788,85.8360733673203,7.556458680717e-17,-2495.678265451205,1612.9140611645134
123,Beam_X,Inicio,6446.037826903151,-936.7344083531385,3170.0833330118057,-4.3217302806465813e-17,-1286.2354766152614,2150.8573921237803
123,Beam_X,Centro,0.0,0.0,3750.0,0.0,1449.7916674704852,-2341.8360208828462
123,Beam_X,Final,-6446.037826903151,936.7344083531385,4329.916666988194,4.3217302806465813e-17,4185.818811556232,-6834.529433889473
124,Beam_X,Inicio,5479.6894599435045,2715.1497512307797,3361.7768034900855,-6.471596182803092e-17,-2621.0760882036475,7666.079264974973
124,Beam_X,Centro,0.0,0.0,2250.0,0.0,-1667.6652052351287,4072.72462684617
124,Beam_X,Final,-5479.6894599435045,-2715.1497512307797,1138.2231965099143,6.471596182803092e-17,-714.2543222666097,479.36998871736705
125,Beam_X,Inicio,6446.0373762099525,-714.0310822379955,3212.160316508167,-5.0642731590389693e-17,-1539.997059408873,1483.3770303009255
125,Beam_X,Centro,0.0,0.0,3750.0,0.0,1344.599208729583,-1785.0777055949886
125,Beam_X,Final,-6446.0373762099525,714.0310822379955,4287.839683491833,5.0642731590389693e-17,4229.195476868039,-5053.532441490903
126,Beam_Y,Inicio,522.0997061285356,0.0005491407525736525,3990.827956686633,3727.0698875138614,-3.488766664820747e-09,-1067.7707184761725
126,Beam_Y,Centro,0.0,0.0,3750.0,602.0698917165826,0.0,-1305.249265321339
126,Beam_Y,Final,-522.0997061285356,-0.0005491407525736525,3509.172043313367,-2522.9301040806963,3.488766664820747e-09,-1542.7278121665054
127,Beam_Y,Inicio,-163.43297851528203,0.002862117942050838,3758.4748916794965,3146.1872074859766,-2.1279275273770943e-10,980.0956739658004
127,Beam_Y,Centro,0.0,0.0,3750.0,21.18722919874176,0.0,408.58244628820506
127,Beam_Y,Final,163.43297851528203,-0.002862117942050838,3741.5251083205035,-3103.812749088493,2.1279275273770943e-10,-162.9307813893903
128,Beam_Y,Inicio,-929.9600260127195,0.0026089874559320717,3617.7855069375864,2794.463747577359,2.0263027293356154e-09,2344.054700632444
128,Beam_Y,Centro,0.0,0.0,3750.0,-330.5362326560344,0.0,2324.9000650317985
128,Beam_Y,Final,929.9600260127195,-0.0026089874559320717,3882.2144930624136,-3455.5362128894276,-2.0263027293356154e-09,2305.745429431153
129,Beam_Y,Inicio,-969.3495503425062,-0.00206469358750371,1289.6663083990206,-315.500521685221,4.954985519037158e-09,917.1785451409359
129,Beam_Y,Centro,0.0,0.0,2250.0,-1440.5005374014693,0.0,1454.0243255137593
129,Beam_Y,Final,969.3495503425062,0.00206469358750371,3210.3336916009794,-2565.5005531177176,-4.954985519037158e-09,1990.870105886583
130,Beam_Y,Inicio,98.0990220190966,0.0005619363616450202,4150.33715322717,4125.842878820895,-7.295278869381106e-10,-195.76246917727053
130,Beam_Y,Centro,0.0,0.0,3750.0,1000.8428830679263,0.0,-245.24755504774149
130,Beam_Y,Final,-98.0990220190966,-0.0005619363616450202,3349.6628467728297,-2124.157112685042,7.295278869381106e-10,-294.73264091821244
131,Beam_Y,Inicio,-37.01708993114507,0.0028730908338294794,3763.459988788684,3158.649950053889,-1.2229280218081737e-10,92.42453172832579
131,Beam_Y,Centro,0.0,0.0,3750.0,33.64997197170942,0.0,92.54272482786267
131,Beam_Y,Final,37.01708993114507,-0.0028730908338294794,3736.540011211316,-3091.35000611047,1.2229280218081737e-10,92.66091792739955
132,Beam_Y,Inicio,-220.39278995970136,0.002595448575408319,3532.946864673451,2582.367141847638,6.445536021335327e-10,430.6511138582406
132,Beam_Y,Centro,0.0,0.0,3750.0,-542.6328383163734,0.0,550.9819748992534
132,Beam_Y,Final,220.39278995970136,-0.002595448575408319,3967.053135326549,-3667.6328184803847,-6.445536021335327e-10,671.3128359402663
133,Beam_Y,Inicio,-169.3001404007127,-0.002084269667278068,603.7167109410664,-1344.4249177054248,7.348634765051374e-10,141.11191251065304
133,Beam_Y,Centro,0.0,0.0,2250.0,-2469.4249335884006,0.0,253.95021060106907
133,Beam_Y,Final,169.3001404007127,0.002084269667278068,3896.2832890589334,-3594.424949471376,-7.348634765051374e-10,366.7885086914851
134,Beam_Y,Inicio,-404.7389481480188,0.0005484291695550248,4073.5935818980784,3933.98395054173,2.782951855771312e-09,734.1746354140405
134,Beam_Y,Centro,0.0,0.0,3750.0,808.9839547451954,0.0,1011.8473703700469
134,Beam_Y,Final,404.7389481480188,-0.0005484291695550248,3426.4064181019216,-2316.016041051339,-2.782951855771312e-09,1289.5201053260532
135,Beam_Y,Inicio,121.08081265789745,0.002831005863085169,3761.1749328599903,3152.937310514101,8.918234654236041e-11,-1094.7004192427787
135,Beam_Y,Centro,0.0,0.0,3750.0,27.937332149975646,0.0,-302.7020316447436
135,Beam_Y,Final,-121.08081265789745,-0.002831005863085169,3738.8250671400097,-3097.0626462141495,-8.918234654236041e-11,489.2963559532915
136,Beam_Y,Inicio,679.2508915882358,0.002573167424155696,3573.0703729776837,2682.675912788772,-1.3877652832019284e-09,-1990.9350159748192
136,Beam_Y,Centro,0.0,0.0,3750.0,-442.3240675557902,0.0,-1698.1272289705894
136,Beam_Y,Final,-679.2508915882358,-0.002573167424155696,3926.9296270223163,-3567.3240479003525,1.3877652832019284e-09,-1405.3194419663598
137,Beam_Y,Inicio,763.4038419518936,-0.002070443978667547,941.4379085614319,-837.843121386527,-4.264434280556585e-09,-729.0085533653917
137,Beam_Y,Centro,0.0,0.0,2250.0,-1962.8431371578522,0.0,-1145.1057629278405
137,Beam_Y,Final,-763.4038419518936,0.002070443978667547,3558.562091438568,-3087.8431529291774,4.264434280556585e-09,-1561.2029724902893
138,Beam_Y,Inicio,291.3856209614461,0.0018109835874548464,4156.76265299283,4141.906625470347,-5.058011699665136e-09,-476.58194893535233
138,Beam_Y,Centro,0.0,0.0,3750.0,1016.9066324820747,0.0,-728.4640524036151
138,Beam_Y,Final,-291.3856209614461,-0.0018109835874548464,3343.2373470071702,-2108.0933605061973,5.058011699665136e-09,-980.3461558718781
139,Beam_Y,Inicio,-99.08466387240165,0.009651294933744356,3764.965779872419,3162.414411278408,-3.113181996559967e-10,640.4587521726513
139,Beam_Y,Centro,0.0,0.0,3750.0,37.414449681047245,0.0,247.7116596810041
139,Beam_Y,Final,99.08466387240165,-0.009651294933744356,3735.034220127581,-3087.5855119163134,3.113181996559967e-10,-145.0354328106431
140,Beam_Y,Inicio,-530.7465701596975,0.008740410715266642,3523.8280523129815,2559.570096203417,2.9641758794800606e-09,1256.979491938735
140,Beam_Y,Centro,0.0,0.0,3750.0,-565.4298692175457,0.0,1326.8664253992438
140,Beam_Y,Final,530.7465701596975,-0.008740410715266642,3976.1719476870185,-3690.4298346385085,-2.9641758794800606e-09,1396.7533588597528
141,Beam_Y,Inicio,-552.9769011233321,-0.006971163667699779,640.2456396771274,-1289.631512724583,7.152882174964031e-09,436.31861052621986
141,Beam_Y,Centro,0.0,0.0,2250.0,-2414.631540484309,0.0,829.4653516849983
141,Beam_Y,Final,552.9769011233321,0.006971163667699779,3859.7543603228723,-3539.6315682440345,-7.152882174964031e-09,1222.6120928437767
142,Beam_Y,Inicio,54.17020570615814,0.0018296852891873509,4412.018473037455,4780.046175562321,-9.804280481364226e-10,-53.16034870957853
142,Beam_Y,Centro,0.0,0.0,3750.0,1655.0461825936382,0.0,-135.42551426539535
142,Beam_Y,Final,-54.17020570615814,-0.0018296852891873509,3087.9815269625446,-1469.9538103750447,9.804280481364226e-10,-217.69067982121214
143,Beam_Y,Inicio,-23.133642344517593,0.009661763047505843,3773.7570026981766,3184.39246808568,-1.8668943566889474e-10,12.960019046834837
143,Beam_Y,Centro,0.0,0.0,3750.0,59.39250674544178,0.0,57.83410586129398
143,Beam_Y,Final,23.133642344517593,-0.009661763047505843,3726.2429973018234,-3065.6074545947963,1.8668943566889474e-10,102.70819267575311
144,Beam_Y,Inicio,-128.48330464171465,0.008722375710373726,3384.670674559018,2211.6766516277166,9.39658298325505e-10,151.72959621653425
144,Beam_Y,Centro,0.0,0.0,3750.0,-913.3233136024548,0.0,321.20826160428663
144,Beam_Y,Final,128.48330464171465,-0.008722375710373726,4115.329325440982,-4038.3232788326263,-9.39658298325505e-10,490.686926992039
145,Beam_Y,Inicio,-95.90049288139217,-0.0069907031258935525,-449.38185191057937,-2924.0727499966147,8.913008636138099e-10,55.47852550463071
145,Beam_Y,Centro,0.0,0.0,2250.0,-4049.0727778658693,0.0,143.85073932208826
145,Beam_Y,Final,95.90049288139217,0.0069907031258935525,4949.381851910579,-5174.072805735124,-8.913008636138099e-10,232.22295313954578
146,Beam_Y,Inicio,-243.88267615497517,0.0018170306808813633,4292.358205235315,4480.895506004891,4.1021543354513e-09,362.4640007272444
146,Beam_Y,Centro,0.0,0.0,3750.0,1355.8955130882882,0.0,609.7066903874379
146,Beam_Y,Final,243.88267615497517,-0.0018170306808813633,3207.6417947646846,-1769.1044798283147,-4.1021543354513e-09,856.9493800476314
147,Beam_Y,Inicio,77.83006750217012,0.00960431122857007,3769.7253404851244,3174.3133126424764,1.2323406406948567e-10,-876.3760355548396
147,Beam_Y,Centro,0.0,0.0,3750.0,49.31335121281154,0.0,-194.5751687554253
147,Beam_Y,Final,-77.83006750217012,-0.00960431122857007,3730.2746595148756,-3075.6866102168533,-1.2323406406948567e-10,487.22569804398904
148,Beam_Y,Inicio,412.1632188735773,0.008689533704727997,3449.113452632553,2372.7835968573936,-2.0302333944238222e-09,-1314.4318208518284
148,Beam_Y,Centro,0.0,0.0,3750.0,-752.2163684186171,0.0,-1030.4080471839432
148,Beam_Y,Final,-412.1632188735773,-0.008689533704727997,4050.886547367447,-3877.216333694628,2.0302333944238222e-09,-746.3842735160579
149,Beam_Y,Inicio,470.1803973277406,-0.006968854173082761,74.00035135862709,-2138.9994452241244,-6.30794978416972e-09,-407.34225378237784
149,Beam_Y,Centro,0.0,0.0,2250.0,-3263.99947296206,0.0,-705.2705959916109
149,Beam_Y,Final,-470.1803973277406,0.006968854173082761,4425.999648641373,-4388.999500699995,6.30794978416972e-09,-1003.1989382008439
150,Beam_Y,Inicio,83.7356277169926,0.0036146434104604333,4281.260457384723,4453.151134428565,-6.863639086239831e-09,98.40068623886572
150,Beam_Y,Centro,0.0,0.0,3750.0,1328.1511434618083,0.0,-209.33906929248147
150,Beam_Y,Final,-83.7356277169926,-0.0036146434104604333,3218.7395426152766,-1796.8488475049478,6.863639086239831e-09,-517.0788248238287
151,Beam_Y,Inicio,-27.018660544329226,0.019837566457310336,3770.184835342302,3175.4620365127034,-3.998318080026128e-10,411.9755693592028
151,Beam_Y,Centro,0.0,0.0,3750.0,50.46208835575544,0.0,67.54665136082306
151,Beam_Y,Final,27.018660544329226,-0.019837566457310336,3729.815164657698,-3074.5378598011926,3.998318080026128e-10,-276.88226663755665
152,Beam_Y,Inicio,-157.55729117654525,0.017870766496582015,3451.726468421182,2379.316124679969,3.996919650143143e-09,396.4994423704362
152,Beam_Y,Centro,0.0,0.0,3750.0,-745.6838289470459,0.0,393.8932279413631
152,Beam_Y,Final,157.55729117654525,-0.017870766496582015,4048.273531578818,-3870.683782574061,-3.996919650143143e-09,391.2870135122899
153,Beam_Y,Inicio,-150.48899006051852,-0.014328321853126089,159.882189314259,-2010.1766785767782,9.772678783454005e-09,61.89581466938026
153,Beam_Y,Centro,0.0,0.0,2250.0,-3135.1767160286117,0.0,225.73348509077778
153,Beam_Y,Final,150.48899006051852,0.014328321853126089,4340.117810685741,-4260.176753480445,-9.772678783454005e-09,389.5711555121753
154,Beam_Y,Inicio,-0.9607465500022215,0.003644284463583492,4601.526980278105,5253.817441595238,-1.3079648610583818e-09,189.6963200172991
154,Beam_Y,Centro,0.0,0.0,3750.0,2128.817450695262,0.0,2.4018663750055538
154,Beam_Y,Final,0.9607465500022215,-0.003644284463583492,2898.473019721895,-996.1825402047143,1.3079648610583818e-09,-184.89258726728798
155,Beam_Y,Inicio,-4.274649379490464,0.01986303713352398,3782.0873896292787,3205.2184217456515,-2.496413683088551e-10,131.5328456187354
155,Beam_Y,Centro,0.0,0.0,3750.0,80.21847407319729,0.0,10.68662344872616
155,Beam_Y,Final,4.274649379490464,-0.01986303713352398,3717.9126103707213,-3044.781473599257,2.496413683088551e-10,-110.15959872128307
156,Beam_Y,Inicio,-21.69796091981526,0.017867979724660026,3273.5718463000976,1933.9295690191393,1.2634542415434358e-09,67.8878325058843
156,Beam_Y,Centro,0.0,0.0,3750.0,-1191.0703842497555,0.0,54.24490229953815
156,Beam_Y,Final,21.69796091981526,-0.017867979724660026,4226.428153699902,-4316.07033751865,-1.2634542415434358e-09,40.60197209319199
157,Beam_Y,Inicio,5.881943343536044,-0.014337117692754912,-1198.7609595872482,-4048.1414017743045,1.1831042501042443e-09,30.71170100849993
157,Beam_Y,Centro,0.0,0.0,2250.0,-5173.141439380873,0.0,-8.822915015304066
157,Beam_Y,Final,-5.881943343536044,0.014337117692754912,5698.760959587248,-6298.141476987441,-1.1831042501042443e-09,-48.35753103910806
158,Beam_Y,Inicio,-84.17816281596265,0.00365166628587298,4454.432752298197,4886.081871511913,5.611363580185536e-09,145.8987161663532
158,Beam_Y,Centro,0.0,0.0,3750.0,1761.0818807454903,0.0,210.4454070399066
158,Beam_Y,Final,84.17816281596265,-0.00365166628587298,3045.567247701804,-1363.9181100209323,-5.611363580185536e-09,274.99209791346
159,Beam_Y,Inicio,22.348295288416455,0.019849362897692784,3776.616038867262,3191.540044681694,1.4648769029190612e-10,-270.84435182987136
159,Beam_Y,Centro,0.0,0.0,3750.0,66.54009716815449,0.0,-55.87073822104114
159,Beam_Y,Final,-22.348295288416455,-0.019849362897692784,3723.383961132738,-3058.459850345385,-1.4648769029190612e-10,159.10287538778908
160,Beam_Y,Inicio,135.0936538371494,0.017879329455303447,3354.79410114782,2136.9852059063796,-2.7465138613817027e-09,-294.949323974415
160,Beam_Y,Centro,0.0,0.0,3750.0,-988.0147471304499,0.0,-337.7341345928735
160,Beam_Y,Final,-135.0936538371494,-0.017879329455303447,4145.20589885218,-4113.014700167279,2.7465138613817027e-09,-380.5189452113319
161,Beam_Y,Inicio,154.78952029477918,-0.014294619875806108,-558.8713383091153,-3088.306970111047,-8.695448007605148e-09,46.17992542011535
161,Beam_Y,Centro,0.0,0.0,2250.0,-4213.3070074636735,0.0,-232.18428044216878
161,Beam_Y,Final,-154.78952029477918,0.014294619875806108,5058.871338309115,-5338.3070448163,8.695448007605148e-09,-510.5484863044529
162,Beam_Y,Inicio,687.3294457207745,0.005799386625195084,4363.888972355976,4659.722420453209,-6.107321841875214e-09,-1258.0940214553457
162,Beam_Y,Centro,0.0,0.0,3750.0,1534.72243088994,0.0,-1718.3236143019362
162,Beam_Y,Final,-687.3294457207745,-0.005799386625195084,3136.111027644024,-1590.2775586733296,6.107321841875214e-09,-2178.553207148527
163,Beam_Y,Inicio,-242.4319391071283,0.032606404627328965,3773.8008047999874,3184.5019506276485,-4.011565709857397e-10,1604.4542964661164
163,Beam_Y,Centro,0.0,0.0,3750.0,59.50201199996832,0.0,606.0798477678208
163,Beam_Y,Final,242.4319391071283,-0.032606404627328965,3726.1991952000126,-3065.497926627712,4.011565709857397e-10,-392.29460093047487
164,Beam_Y,Inicio,-1262.2295970329208,0.029244907665679807,3403.1247202505665,2257.8117461348297,3.6554853755465823e-09,3696.1975799477823
164,Beam_Y,Centro,0.0,0.0,3750.0,-867.188199373584,0.0,3155.573992582302
164,Beam_Y,Final,1262.2295970329208,-0.029244907665679807,4096.8752797494335,-3992.1881448819977,-3.6554853755465823e-09,2614.9504052168213
165,Beam_Y,Inicio,-1322.5326559181512,-0.02355519869673561,-155.71986350731459,-2483.579750861226,8.515247427819224e-09,1756.5731433926624
165,Beam_Y,Centro,0.0,0.0,2250.0,-3608.579795260972,0.0,1983.7989838772269
165,Beam_Y,Final,1322.5326559181512,0.02355519869673561,4655.719863507315,-4733.579839660718,-8.515247427819224e-09,2211.0248243617916
166,Beam_Y,Inicio,175.577394218629,0.005836139517458369,4725.304297169679,5563.260732580987,-9.797627949006927e-10,-83.12001705803476
166,Beam_Y,Centro,0.0,0.0,3750.0,2438.260742924196,0.0,-438.94348554657245
166,Beam_Y,Final,-175.577394218629,-0.005836139517458369,2774.6957028303214,-686.739246732594,9.797627949006927e-10,-794.7669540351102
167,Beam_Y,Inicio,-64.11413758595977,0.032657253129239026,3787.9430555814524,3219.857577269786,-2.5076245701102827e-10,808.8075969845645
167,Beam_Y,Centro,0.0,0.0,3750.0,94.85763895363152,0.0,160.28534396489943
167,Beam_Y,Final,64.11413758595977,-0.032657253129239026,3712.0569444185476,-3030.142299362523,2.5076245701102827e-10,-488.23690905476565
168,Beam_Y,Inicio,-362.52471117340656,0.029291071328373938,3199.2690584967977,1748.1725911831325,1.1394946454683572e-09,1490.6932991669942
168,Beam_Y,Centro,0.0,0.0,3750.0,-1376.8273537580062,0.0,906.3117779335163
168,Beam_Y,Final,362.52471117340656,-0.029291071328373938,4300.730941503202,-4501.827298699145,-1.1394946454683572e-09,321.9302567000384
169,Beam_Y,Inicio,-320.2720350751818,-0.023524977147513008,-1682.0216260408329,-4773.032394876723,6.190906464234919e-10,735.3524740108467
169,Beam_Y,Centro,0.0,0.0,2250.0,-5898.0324390612495,0.0,480.40805261277274
169,Beam_Y,Final,320.2720350751818,0.023524977147513008,6182.021626040832,-7023.032483245776,-6.190906464234919e-10,225.46363121469884
170,Beam_Y,Inicio,-501.75050226112853,0.005891864153204467,4561.314089585726,5153.285213268939,5.122911635017726e-09,1397.707738980181
170,Beam_Y,Centro,0.0,0.0,3750.0,2028.2852239643155,0.0,1254.3762556528213
170,Beam_Y,Final,501.75050226112853,-0.005891864153204467,2938.6859104142736,-1096.7147653403076,-5.122911635017726e-09,1111.044772325462
171,Beam_Y,Inicio,176.0723182955965,0.03278431666379677,3781.4211209744726,3203.5527399448565,1.5147897571630885e-10,-377.13476357050513
171,Beam_Y,Centro,0.0,0.0,3750.0,78.55280243618108,0.0,-440.1807957389912
171,Beam_Y,Final,-176.0723182955965,-0.03278431666379677,3718.5788790255274,-3046.4471350724943,-1.5147897571630885e-10,-503.2268279074773
172,Beam_Y,Inicio,882.4292255805749,0.02942243202700929,3291.4037765338517,1978.5093857048591,-2.514683404948816e-09,-1657.2277330405839
172,Beam_Y,Centro,0.0,0.0,3750.0,-1146.4905586653706,0.0,-2206.0730639514372
172,Beam_Y,Final,-882.4292255805749,-0.02942243202700929,4208.596223466148,-4271.4905030356,2.514683404948816e-09,-2754.9183948622904
173,Beam_Y,Inicio,985.2796985266953,-0.023464989137500863,-971.5647770999421,-3707.3471214878364,-7.886469894635277e-09,-635.259265167204
173,Beam_Y,Centro,0.0,0.0,2250.0,-4832.347165649913,0.0,-1477.919547790043
173,Beam_Y,Final,-985.2796985266953,0.023464989137500863,5471.564777099942,-5957.347209811989,7.886469894635277e-09,-2320.579830412882
174,Beam_Y,Inicio,-1801.5352630473335,0.00823414212461828,4403.907723358605,4759.769297185358,-1.4824746983489434e-08,3966.949011898134
174,Beam_Y,Centro,0.0,0.0,3750.0,1634.7693083965132,0.0,4503.838157618334
174,Beam_Y,Final,1801.5352630473335,-0.00823414212461828,3096.0922766413946,-1490.2306803923311,1.4824746983489434e-08,5040.727303338534
175,Beam_Y,Inicio,599.0474188978587,0.04697836423700731,3775.5580221597343,3188.894989607815,-8.086718385705153e-10,-2460.4623510795554
175,Beam_Y,Centro,0.0,0.0,3750.0,63.89505539933589,0.0,-1497.6185472446468
175,Beam_Y,Final,-599.0474188978587,-0.04697836423700731,3724.4419778402657,-3061.1048788091434,8.086718385705153e-10,-534.7747434097382
176,Beam_Y,Inicio,3266.066764778571,0.0419678164697507,3379.402937909636,2198.507286516431,8.601051338483066e-09,-6897.826968871026
176,Beam_Y,Centro,0.0,0.0,3750.0,-926.4926552259099,0.0,-8165.166911946427
176,Beam_Y,Final,-3266.066764778571,-0.0419678164697507,4120.597062090364,-4051.492596968251,-8.601051338483066e-09,-9432.506855021828
177,Beam_Y,Inicio,3396.9394140943987,-0.033961691606207656,-307.7062059011496,-2711.5592611741254,2.126844689524397e-08,-2524.7345429692627
177,Beam_Y,Centro,0.0,0.0,2250.0,-3836.5593088517244,0.0,-5095.409121141598
177,Beam_Y,Final,-3396.9394140943987,0.033961691606207656,4807.70620590115,-4961.559356529324,-2.126844689524397e-08,-7666.083699313934
178,Beam_Y,Inicio,-366.49046782241,0.00822145154924437,4788.232613121262,5720.581521905296,-3.3243958686251123e-09,1204.1596774867407
178,Beam_Y,Centro,0.0,0.0,3750.0,2595.581532803155,0.0,916.2261695560248
178,Beam_Y,Final,366.49046782241,-0.00822145154924437,2711.767386878738,-529.4184562989853,3.3243958686251123e-09,628.292661625309
179,Beam_Y,Inicio,143.0153213312768,0.04705641231377018,3791.0701663100003,3227.67534875304,-5.16271501714242e-10,838.8334435469469
179,Beam_Y,Centro,0.0,0.0,3750.0,102.67541577500106,0.0,-357.538303328192
179,Beam_Y,Final,-143.0153213312768,-0.04705641231377018,3708.9298336899997,-3022.324517203038,5.16271501714242e-10,-1553.910050203331
180,Beam_Y,Inicio,821.4485166516515,0.04216076964710242,3161.0139400823396,1652.5347904460968,2.862635628274302e-09,-322.48536165132555
180,Beam_Y,Centro,0.0,0.0,3750.0,-1472.4651497941513,0.0,-2053.621291629129
180,Beam_Y,Final,-821.4485166516515,-0.04216076964710242,4338.986059917661,-4597.4650900343995,-2.862635628274302e-09,-3784.757221606932
181,Beam_Y,Inicio,647.2541770141859,-0.03382486093038749,-1925.8849756541285,-5138.827415679711,3.5051611376226006e-09,20.985882598191438
181,Beam_Y,Centro,0.0,0.0,2250.0,-6263.827463481193,0.0,-970.8812655212788
181,Beam_Y,Final,-647.2541770141859,0.03382486093038749,6425.8849756541285,-7388.827511282675,-3.5051611376226006e-09,-1962.748413640749
182,Beam_Y,Inicio,1392.1887622802033,0.00838323870118687,4613.78332190649,5284.45829332021,1.1716627559133132e-08,-1777.2573699832735
182,Beam_Y,Centro,0.0,0.0,3750.0,2159.4583047662236,0.0,-3480.471905700508
182,Beam_Y,Final,-1392.1887622802033,-0.00838323870118687,2886.2166780935104,-965.5416837877628,-1.1716627559133132e-08,-5183.686441417743
183,Beam_Y,Inicio,-444.538314145322,0.04743858970311769,3783.8643192144737,3209.6607303936526,2.760441194840239e-10,5137.228130753285
183,Beam_Y,Centro,0.0,0.0,3750.0,84.66079803618413,0.0,1111.345785363305
183,Beam_Y,Final,444.538314145322,-0.04743858970311769,3716.1356807855263,-3040.3391343212843,-2.760441194840239e-10,-2914.536560026675
184,Beam_Y,Inicio,-2375.4241642990028,0.04244540983501222,3259.865646921862,1899.6640572526096,-5.7865079612735506e-09,7999.062086970243
184,Beam_Y,Centro,0.0,0.0,3750.0,-1225.335882695344,0.0,5938.5604107475065
184,Beam_Y,Final,2375.4241642990028,-0.04244540983501222,4240.134353078138,-4350.335822643297,5.7865079612735506e-09,3878.0587345247704
185,Beam_Y,Inicio,-2670.001997977343,-0.033803187808653413,-1172.5419881674734,-4008.8129345910493,-1.8178870703880338e-08,2956.4723499009638
185,Beam_Y,Centro,0.0,0.0,2250.0,-5133.81298225121,0.0,4005.0029969660145
185,Beam_Y,Final,2670.001997977343,0.033803187808653413,5672.541988167473,-6258.813029911371,1.8178870703880338e-08,5053.533644031066
